source_a	source_b	relationship	evidence	patient_count_basis	disposition	proposed_use
TCGA-PRAD	prad_cpcg_2017 portal	partial TCGA reuse	B_readiness.md at inspected main	Historical portal audit: 205 TCGA entries; not an eligible count	Exclude discovery patients from external CPC subset	Source qualification only
GSE83917/GSE84042/GSE84493	GSE107298/GSE107299	reanalysis/subset reuse	B_paired_prostate.md and B_readiness.md	Historical 300 methylation reanalysis edges, not 300 new patients	One CPC originating cohort; deduplicate specimen origins	Source qualification only
CPC-GENE	Sinha MSV000081552	same source-family protein substudy	Sinha 2019 and original-study mapping audit	Exact eligible patient intersection UNKNOWN	Orthogonal assay; no independent extra cohort; reserve external patients	External corroboration only after mapping
TCGA-PRAD	TCGA ATAC-AWG	same project different assay	GDC ATAC-AWG	PRAD patient and specimen intersection UNKNOWN	Orthogonal measured subset, not independent validation	Conditional ATAC evidence
Hirz GSE181294	Kiviaho integrated scRNA	publication/source reuse	Kiviaho 2024 data availability	Exact reused donor subset UNKNOWN	Map original donor IDs before any meta-analysis	Cellular corroboration only
SCP1244	Kiviaho integrated scRNA	publication/source reuse	Kiviaho 2024 data availability	Exact reused donor subset UNKNOWN	Do not count the atlas and original source as independent	Cellular corroboration only
WCDT	Mizuno external validation sources	publication reuse	Mizuno 2025 data availability	Exact reused samples UNKNOWN	Keep Mizuno originating cohort separate from its reused validation data	Advanced-context source qualification
TCGA/CPC/ICGC-PRAD-CA	Arbet final atlas	unresolved final source overlap	Final full methods/table inventory not retrieved	UNKNOWN	No independent-cohort claim until final original IDs resolved	Novelty/overlap clearance
ICGC-PRAD-CA	Xu 2025 m6A study	source-family reuse	Xu 2025 data availability	Eligible intersections UNKNOWN	Not automatically a new independent DNA-methylation cohort	Conditional RNA-modification hypothesis
Within any multi-site advanced cohort	Other specimens of same patient	same patient different specimen	Requires patient/site mapping; Mizuno provides study precedent	Do not equate specimens with patients	Patient-grouped inference; no across-fold donor duplication	Clinical and specimen contract
