pert_id	cmap_name	cell_iname	pert_time	pert_time_unit	pert_dose	pert_dose_unit	qc_pass	is_hiq	nsample	n_signatures
BRD-A01145011	zebularine	PC3	24	h	11.1	uM	1	1	5	1
BRD-A01145011	zebularine	PC3	6	h	11.1	uM	1	0	4	1
BRD-A01145011	zebularine	VCAP	24	h	11.1	uM	1	0	5	1
BRD-A01145011	zebularine	VCAP	6	h	11.1	uM	1	0	4	1
BRD-A11263757	azacitidine	PC3	24	h	10	uM	0	0	2	1
BRD-A11263757	azacitidine	PC3	6	h	10	uM	1	0	1	1
BRD-K00627859	tubastatin-a	PC3	24	h	0.04	uM	1	0	3	1
BRD-K00627859	tubastatin-a	PC3	24	h	0.078125	uM	1	0	2	1
BRD-K00627859	tubastatin-a	PC3	24	h	0.12	uM	1	0	3	1
BRD-K00627859	tubastatin-a	PC3	24	h	0.15625	uM	1	0	12	1
BRD-K00627859	tubastatin-a	PC3	24	h	0.15625	uM	1	0	2	1
BRD-K00627859	tubastatin-a	PC3	24	h	0.3125	uM	0	0	2	1
BRD-K00627859	tubastatin-a	PC3	24	h	0.37	uM	1	0	3	1
BRD-K00627859	tubastatin-a	PC3	24	h	0.625	uM	1	0	12	1
BRD-K00627859	tubastatin-a	PC3	24	h	0.625	uM	1	0	2	1
BRD-K00627859	tubastatin-a	PC3	24	h	1.11	uM	1	1	3	1
BRD-K00627859	tubastatin-a	PC3	24	h	1.25	uM	1	0	2	1
BRD-K00627859	tubastatin-a	PC3	24	h	10	uM	0	0	5	1
BRD-K00627859	tubastatin-a	PC3	24	h	10	uM	1	0	2	1
BRD-K00627859	tubastatin-a	PC3	24	h	10	uM	1	1	12	1
BRD-K00627859	tubastatin-a	PC3	24	h	10	uM	1	1	3	1
BRD-K00627859	tubastatin-a	PC3	24	h	2.5	uM	1	0	12	1
BRD-K00627859	tubastatin-a	PC3	24	h	2.5	uM	1	0	2	1
BRD-K00627859	tubastatin-a	PC3	24	h	3.33	uM	1	0	3	1
BRD-K00627859	tubastatin-a	PC3	24	h	5	uM	1	0	2	1
BRD-K00627859	tubastatin-a	PC3	6	h	0.078125	uM	1	0	6	1
BRD-K00627859	tubastatin-a	PC3	6	h	0.15625	uM	1	0	12	1
BRD-K00627859	tubastatin-a	PC3	6	h	0.15625	uM	1	0	6	1
BRD-K00627859	tubastatin-a	PC3	6	h	0.3125	uM	1	0	6	1
BRD-K00627859	tubastatin-a	PC3	6	h	0.625	uM	1	0	12	1
BRD-K00627859	tubastatin-a	PC3	6	h	0.625	uM	1	0	6	1
BRD-K00627859	tubastatin-a	PC3	6	h	1.25	uM	1	0	6	1
BRD-K00627859	tubastatin-a	PC3	6	h	10	uM	1	1	12	1
BRD-K00627859	tubastatin-a	PC3	6	h	10	uM	1	1	5	1
BRD-K00627859	tubastatin-a	PC3	6	h	10	uM	1	1	6	1
BRD-K00627859	tubastatin-a	PC3	6	h	2.5	uM	1	0	12	1
BRD-K00627859	tubastatin-a	PC3	6	h	2.5	uM	1	0	6	1
BRD-K00627859	tubastatin-a	PC3	6	h	5	uM	1	0	6	1
BRD-K00627859	tubastatin-a	VCAP	24	h	10	uM	0	0	5	1
BRD-K00627859	tubastatin-a	VCAP	6	h	10	uM	0	0	5	1
BRD-K02130563	panobinostat	22RV1	24	h	0.1	uM	1	0	1	1
BRD-K02130563	panobinostat	22RV1	24	h	1	uM	0	0	1	1
BRD-K02130563	panobinostat	22RV1	24	h	10	uM	1	0	1	1
BRD-K02130563	panobinostat	LNCAP	24	h	0.1	uM	1	0	1	1
BRD-K02130563	panobinostat	LNCAP	24	h	1	uM	1	0	1	1
BRD-K02130563	panobinostat	LNCAP	24	h	10	uM	1	0	1	1
BRD-K02130563	panobinostat	PC3	24	h	0.0012207	uM	0	0	2	1
BRD-K02130563	panobinostat	PC3	24	h	0.00244141	uM	1	1	2	1
BRD-K02130563	panobinostat	PC3	24	h	0.00488281	uM	1	0	2	1
BRD-K02130563	panobinostat	PC3	24	h	0.00976562	uM	0	0	2	1
BRD-K02130563	panobinostat	PC3	24	h	0.0195312	uM	1	0	2	1
BRD-K02130563	panobinostat	PC3	24	h	0.0390625	uM	0	0	2	1
BRD-K02130563	panobinostat	PC3	24	h	0.04	uM	1	1	2	1
BRD-K02130563	panobinostat	PC3	24	h	0.04	uM	1	1	3	1
BRD-K02130563	panobinostat	PC3	24	h	0.0411523	uM	1	1	3	1
BRD-K02130563	panobinostat	PC3	24	h	0.078125	uM	1	1	2	1
BRD-K02130563	panobinostat	PC3	24	h	0.1	uM	1	1	3	1
BRD-K02130563	panobinostat	PC3	24	h	0.12	uM	0	0	2	1
BRD-K02130563	panobinostat	PC3	24	h	0.12	uM	1	1	3	1
BRD-K02130563	panobinostat	PC3	24	h	0.123457	uM	1	1	3	1
BRD-K02130563	panobinostat	PC3	24	h	0.15625	uM	1	1	12	1
BRD-K02130563	panobinostat	PC3	24	h	0.15625	uM	1	1	3	1
BRD-K02130563	panobinostat	PC3	24	h	0.3125	uM	1	0	1	1
BRD-K02130563	panobinostat	PC3	24	h	0.37	uM	1	1	2	1
BRD-K02130563	panobinostat	PC3	24	h	0.37	uM	1	1	3	1
BRD-K02130563	panobinostat	PC3	24	h	0.37037	uM	1	1	3	1
BRD-K02130563	panobinostat	PC3	24	h	0.625	uM	0	0	12	1
BRD-K02130563	panobinostat	PC3	24	h	0.625	uM	1	0	1	1
BRD-K02130563	panobinostat	PC3	24	h	1	uM	1	1	3	1
BRD-K02130563	panobinostat	PC3	24	h	1.11	uM	1	1	2	1
BRD-K02130563	panobinostat	PC3	24	h	1.11	uM	1	1	3	1
BRD-K02130563	panobinostat	PC3	24	h	1.11111	uM	1	1	3	1
BRD-K02130563	panobinostat	PC3	24	h	10	uM	0	0	11	1
BRD-K02130563	panobinostat	PC3	24	h	10	uM	0	0	4	1
BRD-K02130563	panobinostat	PC3	24	h	10	uM	1	0	1	1
BRD-K02130563	panobinostat	PC3	24	h	10	uM	1	1	2	2
BRD-K02130563	panobinostat	PC3	24	h	10	uM	1	1	3	2
BRD-K02130563	panobinostat	PC3	24	h	2.5	uM	0	0	12	1
BRD-K02130563	panobinostat	PC3	24	h	3.33	uM	1	1	2	1
BRD-K02130563	panobinostat	PC3	24	h	3.33	uM	1	1	3	1
BRD-K02130563	panobinostat	PC3	24	h	3.33333	uM	1	1	3	1
BRD-K02130563	panobinostat	PC3	24	h	5	uM	1	0	1	1
BRD-K02130563	panobinostat	PC3	6	h	0.0012207	uM	1	0	6	1
BRD-K02130563	panobinostat	PC3	6	h	0.00244141	uM	1	0	6	1
BRD-K02130563	panobinostat	PC3	6	h	0.00488281	uM	1	0	5	1
BRD-K02130563	panobinostat	PC3	6	h	0.00976562	uM	1	0	6	1
BRD-K02130563	panobinostat	PC3	6	h	0.0195312	uM	1	0	6	1
BRD-K02130563	panobinostat	PC3	6	h	0.0390625	uM	1	0	6	1
BRD-K02130563	panobinostat	PC3	6	h	0.078125	uM	1	1	8	1
BRD-K02130563	panobinostat	PC3	6	h	0.15625	uM	1	1	12	1
BRD-K02130563	panobinostat	PC3	6	h	0.15625	uM	1	1	6	1
BRD-K02130563	panobinostat	PC3	6	h	0.3125	uM	0	0	2	1
BRD-K02130563	panobinostat	PC3	6	h	0.625	uM	1	0	3	1
BRD-K02130563	panobinostat	PC3	6	h	0.625	uM	1	1	12	1
BRD-K02130563	panobinostat	PC3	6	h	1.25	uM	0	0	2	1
BRD-K02130563	panobinostat	PC3	6	h	10	uM	1	0	3	1
BRD-K02130563	panobinostat	PC3	6	h	10	uM	1	1	12	1
BRD-K02130563	panobinostat	PC3	6	h	10	uM	1	1	4	1
BRD-K02130563	panobinostat	PC3	6	h	2.5	uM	0	0	1	1
BRD-K02130563	panobinostat	PC3	6	h	2.5	uM	1	1	12	1
BRD-K02130563	panobinostat	PC3	6	h	5	uM	1	0	3	1
BRD-K02130563	panobinostat	VCAP	24	h	0.04	uM	1	0	1	1
BRD-K02130563	panobinostat	VCAP	24	h	0.12	uM	1	1	2	1
BRD-K02130563	panobinostat	VCAP	24	h	0.37	uM	1	1	2	1
BRD-K02130563	panobinostat	VCAP	24	h	1.11	uM	1	1	2	1
BRD-K02130563	panobinostat	VCAP	24	h	10	uM	0	0	3	1
BRD-K02130563	panobinostat	VCAP	24	h	10	uM	1	1	2	1
BRD-K02130563	panobinostat	VCAP	24	h	10	uM	1	1	6	1
BRD-K02130563	panobinostat	VCAP	24	h	3.33	uM	1	1	2	1
BRD-K02130563	panobinostat	VCAP	6	h	10	uM	0	0	5	1
BRD-K03406345	azacitidine	22RV1	24	h	1.11111	uM	1	0	1	1
BRD-K03406345	azacitidine	22RV1	24	h	10	uM	1	0	1	1
BRD-K03406345	azacitidine	22RV1	24	h	3.33333	uM	1	0	1	1
BRD-K03406345	azacitidine	PC3	24	h	0.04	uM	0	0	2	1
BRD-K03406345	azacitidine	PC3	24	h	0.12	uM	1	0	2	1
BRD-K03406345	azacitidine	PC3	24	h	0.37	uM	1	1	2	1
BRD-K03406345	azacitidine	PC3	24	h	1.11	uM	0	0	2	1
BRD-K03406345	azacitidine	PC3	24	h	10	uM	0	0	2	1
BRD-K03406345	azacitidine	PC3	24	h	10	uM	0	0	5	1
BRD-K03406345	azacitidine	PC3	24	h	3.33	uM	1	1	2	1
BRD-K03406345	azacitidine	PC3	6	h	10	uM	1	1	4	1
BRD-K03406345	azacitidine	VCAP	24	h	0.37	uM	0	0	3	1
BRD-K03406345	azacitidine	VCAP	24	h	0.4	uM	1	0	3	1
BRD-K03406345	azacitidine	VCAP	24	h	1.11	uM	0	0	3	1
BRD-K03406345	azacitidine	VCAP	24	h	10	uM	0	0	3	1
BRD-K03406345	azacitidine	VCAP	24	h	10	uM	1	1	3	1
BRD-K03406345	azacitidine	VCAP	24	h	10	uM	1	1	5	1
BRD-K03406345	azacitidine	VCAP	24	h	2	uM	1	0	3	1
BRD-K03406345	azacitidine	VCAP	24	h	3.33	uM	0	0	3	1
BRD-K03406345	azacitidine	VCAP	6	h	0.4	uM	1	0	2	1
BRD-K03406345	azacitidine	VCAP	6	h	10	uM	0	0	2	1
BRD-K03406345	azacitidine	VCAP	6	h	10	uM	1	1	5	1
BRD-K03406345	azacitidine	VCAP	6	h	2	uM	1	0	2	1
BRD-K04466929	Merck60	PC3	24	h	0.04	uM	1	1	3	1
BRD-K04466929	Merck60	PC3	24	h	0.12	uM	1	1	3	1
BRD-K04466929	Merck60	PC3	24	h	0.15625	uM	1	1	12	1
BRD-K04466929	Merck60	PC3	24	h	0.37	uM	1	1	3	1
BRD-K04466929	Merck60	PC3	24	h	0.625	uM	1	1	12	1
BRD-K04466929	Merck60	PC3	24	h	1.11	uM	1	1	3	1
BRD-K04466929	Merck60	PC3	24	h	10	uM	0	0	1	1
BRD-K04466929	Merck60	PC3	24	h	10	uM	1	0	5	1
BRD-K04466929	Merck60	PC3	24	h	10	uM	1	1	12	1
BRD-K04466929	Merck60	PC3	24	h	2.5	uM	1	1	12	1
BRD-K04466929	Merck60	PC3	24	h	3.33	uM	1	1	3	1
BRD-K04466929	Merck60	PC3	6	h	0.15625	uM	1	0	12	1
BRD-K04466929	Merck60	PC3	6	h	0.625	uM	1	0	12	1
BRD-K04466929	Merck60	PC3	6	h	10	uM	1	0	5	1
BRD-K04466929	Merck60	PC3	6	h	10	uM	1	1	12	1
BRD-K04466929	Merck60	PC3	6	h	2.5	uM	1	0	12	1
BRD-K04466929	Merck60	VCAP	24	h	10	uM	1	0	5	1
BRD-K04466929	Merck60	VCAP	6	h	10	uM	1	0	5	1
BRD-K11215326	E-7438	PC3	24	h	1.11111	uM	1	0	3	1
BRD-K11215326	E-7438	PC3	24	h	10	uM	1	1	3	1
BRD-K11215326	E-7438	PC3	24	h	3.33333	uM	1	0	3	1
BRD-K11558771	droxinostat	PC3	24	h	10	uM	1	1	4	1
BRD-K11558771	droxinostat	PC3	6	h	10	uM	1	1	4	1
BRD-K11558771	droxinostat	VCAP	24	h	10	uM	1	0	3	1
BRD-K11558771	droxinostat	VCAP	24	h	10	uM	1	0	5	1
BRD-K11558771	droxinostat	VCAP	6	h	10	uM	1	1	5	1
BRD-K12867552	PCI-24781	PC3	24	h	0.00949668	uM	0	0	2	1
BRD-K12867552	PCI-24781	PC3	24	h	0.02849	uM	0	0	2	1
BRD-K12867552	PCI-24781	PC3	24	h	0.0411523	uM	0	0	3	1
BRD-K12867552	PCI-24781	PC3	24	h	0.0854701	uM	0	0	2	1
BRD-K12867552	PCI-24781	PC3	24	h	0.123457	uM	0	0	3	1
BRD-K12867552	PCI-24781	PC3	24	h	0.25641	uM	0	0	2	1
BRD-K12867552	PCI-24781	PC3	24	h	0.37037	uM	0	0	3	1
BRD-K12867552	PCI-24781	PC3	24	h	0.769231	uM	0	0	2	1
BRD-K12867552	PCI-24781	PC3	24	h	1.11111	uM	0	0	3	1
BRD-K12867552	PCI-24781	PC3	24	h	10	uM	0	0	2	1
BRD-K12867552	PCI-24781	PC3	24	h	10	uM	1	1	3	1
BRD-K12867552	PCI-24781	PC3	24	h	2.30769	uM	0	0	2	1
BRD-K12867552	PCI-24781	PC3	24	h	3.33333	uM	0	0	3	1
BRD-K12867552	PCI-24781	PC3	6	h	10	uM	1	1	5	1
BRD-K12867552	PCI-24781	VCAP	24	h	10	uM	1	1	2	1
BRD-K12867552	PCI-24781	VCAP	6	h	10	uM	0	0	4	1
BRD-K13169950	NSC-3852	PC3	24	h	10	uM	1	1	5	1
BRD-K13169950	NSC-3852	PC3	6	h	10	uM	1	1	4	1
BRD-K13169950	NSC-3852	VCAP	24	h	10	uM	0	0	2	1
BRD-K13169950	NSC-3852	VCAP	6	h	10	uM	0	0	5	1
BRD-K13810148	givinostat	PC3	24	h	10	uM	1	0	5	1
BRD-K13810148	givinostat	PC3	6	h	10	uM	0	0	4	1
BRD-K13810148	givinostat	VCAP	24	h	10	uM	0	0	5	1
BRD-K13810148	givinostat	VCAP	6	h	10	uM	0	0	5	1
BRD-K16485616	mocetinostat	PC3	24	h	0.04	uM	1	0	2	1
BRD-K16485616	mocetinostat	PC3	24	h	0.12	uM	1	1	2	1
BRD-K16485616	mocetinostat	PC3	24	h	0.37	uM	0	0	2	1
BRD-K16485616	mocetinostat	PC3	24	h	1.11	uM	0	0	2	1
BRD-K16485616	mocetinostat	PC3	24	h	10	uM	0	0	2	1
BRD-K16485616	mocetinostat	PC3	24	h	10	uM	0	0	5	1
BRD-K16485616	mocetinostat	PC3	24	h	3.33	uM	0	0	2	1
BRD-K16485616	mocetinostat	PC3	6	h	10	uM	1	1	4	1
BRD-K16485616	mocetinostat	VCAP	6	h	10	uM	0	0	5	1
BRD-K17743125	belinostat	PC3	24	h	0.00949668	uM	1	0	3	1
BRD-K17743125	belinostat	PC3	24	h	0.02849	uM	1	0	3	1
BRD-K17743125	belinostat	PC3	24	h	0.04	uM	0	0	2	1
BRD-K17743125	belinostat	PC3	24	h	0.0411523	uM	1	0	3	1
BRD-K17743125	belinostat	PC3	24	h	0.0854701	uM	1	1	3	1
BRD-K17743125	belinostat	PC3	24	h	0.12	uM	1	1	2	1
BRD-K17743125	belinostat	PC3	24	h	0.123457	uM	1	1	3	1
BRD-K17743125	belinostat	PC3	24	h	0.25641	uM	1	1	3	1
BRD-K17743125	belinostat	PC3	24	h	0.37	uM	1	1	2	1
BRD-K17743125	belinostat	PC3	24	h	0.37037	uM	1	1	3	1
BRD-K17743125	belinostat	PC3	24	h	0.769231	uM	1	1	2	1
BRD-K17743125	belinostat	PC3	24	h	1.11	uM	1	1	2	1
BRD-K17743125	belinostat	PC3	24	h	1.11111	uM	1	1	3	1
BRD-K17743125	belinostat	PC3	24	h	10	uM	0	0	4	1
BRD-K17743125	belinostat	PC3	24	h	10	uM	1	1	2	1
BRD-K17743125	belinostat	PC3	24	h	10	uM	1	1	3	1
BRD-K17743125	belinostat	PC3	24	h	2.30769	uM	1	1	3	1
BRD-K17743125	belinostat	PC3	24	h	3.33	uM	1	1	2	1
BRD-K17743125	belinostat	PC3	24	h	3.33333	uM	1	1	3	1
BRD-K17743125	belinostat	PC3	6	h	10	uM	1	1	3	1
BRD-K17743125	belinostat	PC3	6	h	10	uM	1	1	5	1
BRD-K17743125	belinostat	VCAP	24	h	10	uM	0	0	4	1
BRD-K17743125	belinostat	VCAP	24	h	10	uM	1	1	3	1
BRD-K17743125	belinostat	VCAP	6	h	10	uM	0	0	5	1
BRD-K22503835	scriptaid	PC3	24	h	10	uM	1	1	5	1
BRD-K22503835	scriptaid	PC3	6	h	10	uM	0	0	4	1
BRD-K22503835	scriptaid	VCAP	24	h	10	uM	0	0	1	1
BRD-K22503835	scriptaid	VCAP	6	h	10	uM	1	0	5	1
BRD-K26818574	BIX-01294	22RV1	24	h	1.11111	uM	1	0	1	1
BRD-K26818574	BIX-01294	PC3	24	h	0.04	uM	1	1	2	1
BRD-K26818574	BIX-01294	PC3	24	h	0.0411523	uM	1	0	3	1
BRD-K26818574	BIX-01294	PC3	24	h	0.12	uM	0	0	2	1
BRD-K26818574	BIX-01294	PC3	24	h	0.123457	uM	1	0	3	1
BRD-K26818574	BIX-01294	PC3	24	h	0.37	uM	1	0	2	1
BRD-K26818574	BIX-01294	PC3	24	h	0.37037	uM	1	0	3	1
BRD-K26818574	BIX-01294	PC3	24	h	1.11	uM	1	0	1	1
BRD-K26818574	BIX-01294	PC3	24	h	1.11111	uM	1	0	3	1
BRD-K26818574	BIX-01294	PC3	24	h	1.11111	uM	1	1	3	1
BRD-K26818574	BIX-01294	PC3	24	h	10	uM	1	0	2	1
BRD-K26818574	BIX-01294	PC3	24	h	10	uM	1	0	5	1
BRD-K26818574	BIX-01294	PC3	24	h	10	uM	1	1	3	2
BRD-K26818574	BIX-01294	PC3	24	h	3.33	uM	1	0	2	1
BRD-K26818574	BIX-01294	PC3	24	h	3.33333	uM	1	1	2	1
BRD-K26818574	BIX-01294	PC3	24	h	3.33333	uM	1	1	3	1
BRD-K26818574	BIX-01294	PC3	6	h	10	uM	1	0	4	1
BRD-K26818574	BIX-01294	PC3	6	h	10	uM	1	1	3	1
BRD-K26818574	BIX-01294	VCAP	24	h	10	uM	0	0	5	1
BRD-K26818574	BIX-01294	VCAP	6	h	10	uM	0	0	4	1
BRD-K28822270	resminostat	PC3	24	h	0.00949668	uM	0	0	2	1
BRD-K28822270	resminostat	PC3	24	h	0.02849	uM	0	0	2	1
BRD-K28822270	resminostat	PC3	24	h	0.0411523	uM	0	0	3	1
BRD-K28822270	resminostat	PC3	24	h	0.0854701	uM	0	0	2	1
BRD-K28822270	resminostat	PC3	24	h	0.123457	uM	0	0	3	1
BRD-K28822270	resminostat	PC3	24	h	0.25641	uM	0	0	2	1
BRD-K28822270	resminostat	PC3	24	h	0.37037	uM	0	0	3	1
BRD-K28822270	resminostat	PC3	24	h	0.769231	uM	0	0	2	1
BRD-K28822270	resminostat	PC3	24	h	1.11111	uM	0	0	3	1
BRD-K28822270	resminostat	PC3	24	h	10	uM	0	0	3	1
BRD-K28822270	resminostat	PC3	24	h	2.30769	uM	0	0	2	1
BRD-K28822270	resminostat	PC3	24	h	3.33333	uM	0	0	3	1
BRD-K29313308	HDAC3-selective	PC3	24	h	0.04	uM	0	0	1	1
BRD-K29313308	HDAC3-selective	PC3	24	h	0.078125	uM	1	0	2	1
BRD-K29313308	HDAC3-selective	PC3	24	h	0.12	uM	1	0	3	1
BRD-K29313308	HDAC3-selective	PC3	24	h	0.15625	uM	1	0	12	1
BRD-K29313308	HDAC3-selective	PC3	24	h	0.15625	uM	1	0	2	1
BRD-K29313308	HDAC3-selective	PC3	24	h	0.3125	uM	1	0	2	1
BRD-K29313308	HDAC3-selective	PC3	24	h	0.37	uM	1	0	3	1
BRD-K29313308	HDAC3-selective	PC3	24	h	0.625	uM	1	0	12	1
BRD-K29313308	HDAC3-selective	PC3	24	h	0.625	uM	1	0	2	1
BRD-K29313308	HDAC3-selective	PC3	24	h	1.11	uM	1	0	3	1
BRD-K29313308	HDAC3-selective	PC3	24	h	1.25	uM	1	0	2	1
BRD-K29313308	HDAC3-selective	PC3	24	h	10	uM	1	1	12	1
BRD-K29313308	HDAC3-selective	PC3	24	h	10	uM	1	1	2	1
BRD-K29313308	HDAC3-selective	PC3	24	h	10	uM	1	1	3	1
BRD-K29313308	HDAC3-selective	PC3	24	h	2.5	uM	1	0	12	1
BRD-K29313308	HDAC3-selective	PC3	24	h	2.5	uM	1	1	2	1
BRD-K29313308	HDAC3-selective	PC3	24	h	3.33	uM	1	0	3	1
BRD-K29313308	HDAC3-selective	PC3	24	h	5	uM	1	0	2	1
BRD-K29313308	HDAC3-selective	PC3	6	h	0.078125	uM	1	0	6	1
BRD-K29313308	HDAC3-selective	PC3	6	h	0.15625	uM	1	0	12	1
BRD-K29313308	HDAC3-selective	PC3	6	h	0.15625	uM	1	0	6	1
BRD-K29313308	HDAC3-selective	PC3	6	h	0.3125	uM	1	0	6	1
BRD-K29313308	HDAC3-selective	PC3	6	h	0.625	uM	1	0	12	1
BRD-K29313308	HDAC3-selective	PC3	6	h	0.625	uM	1	0	6	1
BRD-K29313308	HDAC3-selective	PC3	6	h	1.25	uM	1	0	6	1
BRD-K29313308	HDAC3-selective	PC3	6	h	10	uM	1	0	6	1
BRD-K29313308	HDAC3-selective	PC3	6	h	10	uM	1	1	12	1
BRD-K29313308	HDAC3-selective	PC3	6	h	2.5	uM	1	0	12	1
BRD-K29313308	HDAC3-selective	PC3	6	h	2.5	uM	1	0	6	1
BRD-K29313308	HDAC3-selective	PC3	6	h	5	uM	1	0	6	1
BRD-K32744045	disulfiram	22RV1	24	h	1.11111	uM	1	0	1	1
BRD-K32744045	disulfiram	22RV1	24	h	3.33333	uM	1	0	1	1
BRD-K32744045	disulfiram	PC3	24	h	0.00949668	uM	1	0	3	1
BRD-K32744045	disulfiram	PC3	24	h	0.02849	uM	1	0	3	1
BRD-K32744045	disulfiram	PC3	24	h	0.0411523	uM	1	0	3	1
BRD-K32744045	disulfiram	PC3	24	h	0.0854701	uM	1	0	3	1
BRD-K32744045	disulfiram	PC3	24	h	0.123457	uM	1	0	3	1
BRD-K32744045	disulfiram	PC3	24	h	0.25641	uM	1	0	3	1
BRD-K32744045	disulfiram	PC3	24	h	0.37037	uM	1	0	3	1
BRD-K32744045	disulfiram	PC3	24	h	0.769231	uM	1	1	3	1
BRD-K32744045	disulfiram	PC3	24	h	1.11111	uM	1	0	3	3
BRD-K32744045	disulfiram	PC3	24	h	10	uM	1	0	10	1
BRD-K32744045	disulfiram	PC3	24	h	10	uM	1	0	3	3
BRD-K32744045	disulfiram	PC3	24	h	10	uM	1	0	4	1
BRD-K32744045	disulfiram	PC3	24	h	10	uM	1	1	3	1
BRD-K32744045	disulfiram	PC3	24	h	2.30769	uM	1	0	3	1
BRD-K32744045	disulfiram	PC3	24	h	3.33333	uM	1	0	3	3
BRD-K32744045	disulfiram	PC3	6	h	10	uM	1	1	4	1
BRD-K32744045	disulfiram	VCAP	24	h	10	uM	1	0	5	1
BRD-K32744045	disulfiram	VCAP	6	h	10	uM	1	0	5	1
BRD-K41260949	valproic-acid	22RV1	24	h	1.11111	uM	1	0	1	1
BRD-K41260949	valproic-acid	22RV1	24	h	10	uM	1	0	1	1
BRD-K41260949	valproic-acid	22RV1	24	h	3.33333	uM	1	0	1	1
BRD-K41260949	valproic-acid	PC3	24	h	0.00949668	uM	0	0	2	1
BRD-K41260949	valproic-acid	PC3	24	h	0.02849	uM	0	0	2	1
BRD-K41260949	valproic-acid	PC3	24	h	0.0411523	uM	0	0	2	1
BRD-K41260949	valproic-acid	PC3	24	h	0.08	uM	1	0	12	1
BRD-K41260949	valproic-acid	PC3	24	h	0.0854701	uM	0	0	2	1
BRD-K41260949	valproic-acid	PC3	24	h	0.123457	uM	1	0	2	1
BRD-K41260949	valproic-acid	PC3	24	h	0.25641	uM	0	0	2	1
BRD-K41260949	valproic-acid	PC3	24	h	0.37037	uM	1	0	2	1
BRD-K41260949	valproic-acid	PC3	24	h	0.4	uM	1	0	12	1
BRD-K41260949	valproic-acid	PC3	24	h	0.769231	uM	0	0	2	1
BRD-K41260949	valproic-acid	PC3	24	h	1.11111	uM	1	1	2	1
BRD-K41260949	valproic-acid	PC3	24	h	10	uM	0	0	2	1
BRD-K41260949	valproic-acid	PC3	24	h	10	uM	1	0	12	1
BRD-K41260949	valproic-acid	PC3	24	h	10	uM	1	0	5	2
BRD-K41260949	valproic-acid	PC3	24	h	2	uM	1	0	11	1
BRD-K41260949	valproic-acid	PC3	24	h	2.30769	uM	0	0	2	1
BRD-K41260949	valproic-acid	PC3	24	h	3.33333	uM	1	1	2	1
BRD-K41260949	valproic-acid	PC3	6	h	0.08	uM	1	0	2	2
BRD-K41260949	valproic-acid	PC3	6	h	0.08	uM	1	1	2	2
BRD-K41260949	valproic-acid	PC3	6	h	0.4	uM	1	0	2	2
BRD-K41260949	valproic-acid	PC3	6	h	0.4	uM	1	1	2	2
BRD-K41260949	valproic-acid	PC3	6	h	10	uM	1	0	2	1
BRD-K41260949	valproic-acid	PC3	6	h	10	uM	1	0	4	2
BRD-K41260949	valproic-acid	PC3	6	h	10	uM	1	1	2	3
BRD-K41260949	valproic-acid	PC3	6	h	2	uM	1	0	2	4
BRD-K41260949	valproic-acid	VCAP	24	h	1	uM	0	0	4	1
BRD-K41260949	valproic-acid	VCAP	24	h	10	uM	1	0	3	1
BRD-K41260949	valproic-acid	VCAP	24	h	10	uM	1	0	4	1
BRD-K41260949	valproic-acid	VCAP	24	h	10	uM	1	0	5	1
BRD-K41260949	valproic-acid	VCAP	24	h	20	uM	0	0	4	1
BRD-K41260949	valproic-acid	VCAP	24	h	5	uM	0	0	4	1
BRD-K41260949	valproic-acid	VCAP	48	h	1	uM	0	0	4	1
BRD-K41260949	valproic-acid	VCAP	48	h	20	uM	0	0	4	1
BRD-K41260949	valproic-acid	VCAP	48	h	5	uM	0	0	4	1
BRD-K41260949	valproic-acid	VCAP	6	h	1	uM	0	0	4	1
BRD-K41260949	valproic-acid	VCAP	6	h	10	uM	1	0	4	1
BRD-K41260949	valproic-acid	VCAP	6	h	10	uM	1	0	5	1
BRD-K41260949	valproic-acid	VCAP	6	h	20	uM	0	0	4	1
BRD-K41260949	valproic-acid	VCAP	6	h	5	uM	0	0	4	1
BRD-K52522949	NCH-51	PC3	24	h	10	uM	0	0	5	1
BRD-K52522949	NCH-51	PC3	6	h	10	uM	1	1	5	1
BRD-K52522949	NCH-51	VCAP	24	h	10	uM	0	0	4	1
BRD-K52522949	NCH-51	VCAP	24	h	10	uM	1	0	3	1
BRD-K52522949	NCH-51	VCAP	6	h	10	uM	1	1	5	1
BRD-K55026842	azacitidine	PC3	24	h	0.00949668	uM	1	0	2	1
BRD-K55026842	azacitidine	PC3	24	h	0.02849	uM	1	0	2	1
BRD-K55026842	azacitidine	PC3	24	h	0.0411523	uM	1	1	3	1
BRD-K55026842	azacitidine	PC3	24	h	0.0854701	uM	1	0	1	1
BRD-K55026842	azacitidine	PC3	24	h	0.123457	uM	1	1	3	1
BRD-K55026842	azacitidine	PC3	24	h	0.25641	uM	1	0	2	1
BRD-K55026842	azacitidine	PC3	24	h	0.37037	uM	1	1	3	1
BRD-K55026842	azacitidine	PC3	24	h	0.769231	uM	1	0	2	1
BRD-K55026842	azacitidine	PC3	24	h	1.11111	uM	1	1	3	1
BRD-K55026842	azacitidine	PC3	24	h	10	uM	1	1	3	1
BRD-K55026842	azacitidine	PC3	24	h	2.30769	uM	1	0	2	1
BRD-K55026842	azacitidine	PC3	24	h	3.33333	uM	1	1	3	1
BRD-K56957086	dacinostat	PC3	24	h	0.00949668	uM	1	1	2	1
BRD-K56957086	dacinostat	PC3	24	h	0.02849	uM	1	1	2	1
BRD-K56957086	dacinostat	PC3	24	h	0.0411523	uM	1	1	3	1
BRD-K56957086	dacinostat	PC3	24	h	0.0854701	uM	1	1	2	1
BRD-K56957086	dacinostat	PC3	24	h	0.123457	uM	1	1	3	1
BRD-K56957086	dacinostat	PC3	24	h	0.25641	uM	1	1	2	1
BRD-K56957086	dacinostat	PC3	24	h	0.37037	uM	1	1	3	1
BRD-K56957086	dacinostat	PC3	24	h	0.769231	uM	1	1	2	1
BRD-K56957086	dacinostat	PC3	24	h	1.11111	uM	1	1	3	1
BRD-K56957086	dacinostat	PC3	24	h	10	uM	0	0	5	2
BRD-K56957086	dacinostat	PC3	24	h	10	uM	1	1	3	1
BRD-K56957086	dacinostat	PC3	24	h	2.30769	uM	1	1	2	1
BRD-K56957086	dacinostat	PC3	24	h	3.33333	uM	1	1	3	1
BRD-K56957086	dacinostat	PC3	6	h	10	uM	1	1	4	2
BRD-K56957086	dacinostat	VCAP	24	h	10	uM	0	0	5	2
BRD-K56957086	dacinostat	VCAP	6	h	10	uM	0	0	5	1
BRD-K56957086	dacinostat	VCAP	6	h	10	uM	1	1	5	1
BRD-K61228301	SGI-1027	22RV1	24	h	1.11111	uM	1	0	1	1
BRD-K61228301	SGI-1027	22RV1	24	h	10	uM	1	0	1	1
BRD-K61228301	SGI-1027	22RV1	24	h	3.33333	uM	1	0	1	1
BRD-K61397605	romidepsin	PC3	24	h	0.00949668	uM	1	1	2	1
BRD-K61397605	romidepsin	PC3	24	h	0.02849	uM	1	1	2	1
BRD-K61397605	romidepsin	PC3	24	h	0.0411523	uM	1	1	3	1
BRD-K61397605	romidepsin	PC3	24	h	0.0854701	uM	1	1	2	1
BRD-K61397605	romidepsin	PC3	24	h	0.123457	uM	1	1	3	1
BRD-K61397605	romidepsin	PC3	24	h	0.25641	uM	1	1	2	1
BRD-K61397605	romidepsin	PC3	24	h	0.37037	uM	1	1	3	1
BRD-K61397605	romidepsin	PC3	24	h	0.769231	uM	1	1	2	1
BRD-K61397605	romidepsin	PC3	24	h	1.11111	uM	1	1	3	1
BRD-K61397605	romidepsin	PC3	24	h	10	uM	0	0	2	1
BRD-K61397605	romidepsin	PC3	24	h	2.30769	uM	1	1	2	1
BRD-K61397605	romidepsin	PC3	24	h	3.33333	uM	1	1	2	1
BRD-K61688984	RGFP-966	PC3	6	h	3.5	uM	1	1	3	1
BRD-K64606589	apicidin	PC3	24	h	0.04	uM	1	1	3	1
BRD-K64606589	apicidin	PC3	24	h	0.12	uM	1	1	3	1
BRD-K64606589	apicidin	PC3	24	h	0.15625	uM	1	1	12	1
BRD-K64606589	apicidin	PC3	24	h	0.37	uM	1	1	3	1
BRD-K64606589	apicidin	PC3	24	h	0.625	uM	1	1	12	1
BRD-K64606589	apicidin	PC3	24	h	1.11	uM	1	1	3	1
BRD-K64606589	apicidin	PC3	24	h	10	uM	0	0	11	1
BRD-K64606589	apicidin	PC3	24	h	10	uM	1	1	3	1
BRD-K64606589	apicidin	PC3	24	h	10	uM	1	1	5	1
BRD-K64606589	apicidin	PC3	24	h	2.5	uM	1	1	12	1
BRD-K64606589	apicidin	PC3	24	h	3.33	uM	1	1	3	1
BRD-K64606589	apicidin	PC3	6	h	0.15625	uM	1	1	12	1
BRD-K64606589	apicidin	PC3	6	h	0.625	uM	1	1	12	1
BRD-K64606589	apicidin	PC3	6	h	10	uM	1	1	12	1
BRD-K64606589	apicidin	PC3	6	h	10	uM	1	1	5	1
BRD-K64606589	apicidin	PC3	6	h	2.5	uM	1	1	12	1
BRD-K64606589	apicidin	VCAP	24	h	10	uM	0	0	4	1
BRD-K64606589	apicidin	VCAP	6	h	10	uM	0	0	5	1
BRD-K69840642	ISOX	PC3	24	h	10	uM	1	1	5	1
BRD-K69840642	ISOX	PC3	6	h	10	uM	1	0	1	1
BRD-K69840642	ISOX	VCAP	24	h	10	uM	0	0	5	1
BRD-K69840642	ISOX	VCAP	24	h	10	uM	1	1	3	1
BRD-K69840642	ISOX	VCAP	6	h	10	uM	1	1	4	1
BRD-K74761218	WT-171	PC3	24	h	10	uM	0	0	5	1
BRD-K74761218	WT-171	PC3	6	h	10	uM	1	1	3	1
BRD-K74761218	WT-171	VCAP	24	h	10	uM	0	0	5	1
BRD-K74761218	WT-171	VCAP	6	h	10	uM	0	0	5	1
BRD-K76698671	HNHA	PC3	24	h	10	uM	0	0	5	1
BRD-K76698671	HNHA	PC3	6	h	10	uM	1	0	4	1
BRD-K76698671	HNHA	VCAP	24	h	10	uM	0	0	5	1
BRD-K76698671	HNHA	VCAP	6	h	10	uM	0	0	5	1
BRD-K77908580	entinostat	22RV1	24	h	0.1	uM	1	0	1	1
BRD-K77908580	entinostat	22RV1	24	h	1	uM	1	0	1	1
BRD-K77908580	entinostat	LNCAP	24	h	0.1	uM	1	0	1	1
BRD-K77908580	entinostat	LNCAP	24	h	1	uM	1	0	1	1
BRD-K77908580	entinostat	LNCAP	24	h	10	uM	1	0	1	1
BRD-K77908580	entinostat	PC3	24	h	0.00949668	uM	1	0	2	1
BRD-K77908580	entinostat	PC3	24	h	0.02849	uM	1	0	2	1
BRD-K77908580	entinostat	PC3	24	h	0.04	uM	1	1	2	1
BRD-K77908580	entinostat	PC3	24	h	0.04	uM	1	1	3	1
BRD-K77908580	entinostat	PC3	24	h	0.0411523	uM	1	1	2	1
BRD-K77908580	entinostat	PC3	24	h	0.078125	uM	1	0	2	1
BRD-K77908580	entinostat	PC3	24	h	0.0854701	uM	1	1	2	1
BRD-K77908580	entinostat	PC3	24	h	0.1	uM	1	1	3	1
BRD-K77908580	entinostat	PC3	24	h	0.12	uM	0	0	2	1
BRD-K77908580	entinostat	PC3	24	h	0.12	uM	1	1	3	1
BRD-K77908580	entinostat	PC3	24	h	0.123457	uM	1	1	2	1
BRD-K77908580	entinostat	PC3	24	h	0.15625	uM	0	0	2	1
BRD-K77908580	entinostat	PC3	24	h	0.25641	uM	1	1	2	1
BRD-K77908580	entinostat	PC3	24	h	0.3125	uM	0	0	2	1
BRD-K77908580	entinostat	PC3	24	h	0.37	uM	1	1	2	1
BRD-K77908580	entinostat	PC3	24	h	0.37	uM	1	1	3	1
BRD-K77908580	entinostat	PC3	24	h	0.37037	uM	1	1	2	1
BRD-K77908580	entinostat	PC3	24	h	0.625	uM	1	0	2	1
BRD-K77908580	entinostat	PC3	24	h	0.769231	uM	1	1	2	1
BRD-K77908580	entinostat	PC3	24	h	1	uM	1	1	3	1
BRD-K77908580	entinostat	PC3	24	h	1.11	uM	1	1	2	1
BRD-K77908580	entinostat	PC3	24	h	1.11	uM	1	1	3	1
BRD-K77908580	entinostat	PC3	24	h	1.11111	uM	1	1	2	1
BRD-K77908580	entinostat	PC3	24	h	1.25	uM	0	0	2	1
BRD-K77908580	entinostat	PC3	24	h	10	uM	0	0	2	1
BRD-K77908580	entinostat	PC3	24	h	10	uM	1	0	4	1
BRD-K77908580	entinostat	PC3	24	h	10	uM	1	1	2	3
BRD-K77908580	entinostat	PC3	24	h	10	uM	1	1	3	1
BRD-K77908580	entinostat	PC3	24	h	10	uM	1	1	5	1
BRD-K77908580	entinostat	PC3	24	h	2.30769	uM	1	1	2	1
BRD-K77908580	entinostat	PC3	24	h	2.5	uM	1	1	2	1
BRD-K77908580	entinostat	PC3	24	h	3.33	uM	1	1	2	1
BRD-K77908580	entinostat	PC3	24	h	3.33	uM	1	1	3	1
BRD-K77908580	entinostat	PC3	24	h	3.33333	uM	1	1	2	1
BRD-K77908580	entinostat	PC3	24	h	5	uM	1	0	2	1
BRD-K77908580	entinostat	PC3	6	h	0.078125	uM	1	0	6	1
BRD-K77908580	entinostat	PC3	6	h	0.15625	uM	1	0	6	1
BRD-K77908580	entinostat	PC3	6	h	0.3125	uM	1	0	6	1
BRD-K77908580	entinostat	PC3	6	h	0.625	uM	1	1	6	1
BRD-K77908580	entinostat	PC3	6	h	1.25	uM	1	0	6	1
BRD-K77908580	entinostat	PC3	6	h	10	uM	1	1	3	1
BRD-K77908580	entinostat	PC3	6	h	10	uM	1	1	5	1
BRD-K77908580	entinostat	PC3	6	h	10	uM	1	1	6	1
BRD-K77908580	entinostat	PC3	6	h	2	uM	1	1	3	1
BRD-K77908580	entinostat	PC3	6	h	2.5	uM	1	1	6	1
BRD-K77908580	entinostat	PC3	6	h	5	uM	1	1	6	1
BRD-K77908580	entinostat	VCAP	24	h	10	uM	0	0	4	1
BRD-K77908580	entinostat	VCAP	24	h	10	uM	0	0	5	1
BRD-K77908580	entinostat	VCAP	6	h	10	uM	0	0	5	1
BRD-K77908580	entinostat	VCAP	6	h	10	uM	1	1	5	1
BRD-K79254416	decitabine	22RV1	24	h	1.11111	uM	1	0	1	1
BRD-K79254416	decitabine	22RV1	24	h	10	uM	1	0	1	1
BRD-K79254416	decitabine	22RV1	24	h	3.33333	uM	1	0	1	1
BRD-K79254416	decitabine	PC3	24	h	0.00949668	uM	1	1	2	1
BRD-K79254416	decitabine	PC3	24	h	0.02849	uM	1	1	2	1
BRD-K79254416	decitabine	PC3	24	h	0.04	uM	0	0	2	1
BRD-K79254416	decitabine	PC3	24	h	0.0411523	uM	1	1	2	1
BRD-K79254416	decitabine	PC3	24	h	0.0411523	uM	1	1	3	1
BRD-K79254416	decitabine	PC3	24	h	0.0854701	uM	1	1	2	1
BRD-K79254416	decitabine	PC3	24	h	0.12	uM	1	1	2	1
BRD-K79254416	decitabine	PC3	24	h	0.123457	uM	1	1	2	1
BRD-K79254416	decitabine	PC3	24	h	0.123457	uM	1	1	3	1
BRD-K79254416	decitabine	PC3	24	h	0.25641	uM	1	1	2	1
BRD-K79254416	decitabine	PC3	24	h	0.37	uM	1	0	2	1
BRD-K79254416	decitabine	PC3	24	h	0.37037	uM	1	1	2	1
BRD-K79254416	decitabine	PC3	24	h	0.37037	uM	1	1	3	1
BRD-K79254416	decitabine	PC3	24	h	0.769231	uM	1	1	2	1
BRD-K79254416	decitabine	PC3	24	h	1.11	uM	1	0	2	1
BRD-K79254416	decitabine	PC3	24	h	1.11111	uM	1	1	2	1
BRD-K79254416	decitabine	PC3	24	h	1.11111	uM	1	1	3	1
BRD-K79254416	decitabine	PC3	24	h	10	uM	1	0	2	1
BRD-K79254416	decitabine	PC3	24	h	10	uM	1	0	4	1
BRD-K79254416	decitabine	PC3	24	h	10	uM	1	1	2	1
BRD-K79254416	decitabine	PC3	24	h	10	uM	1	1	3	1
BRD-K79254416	decitabine	PC3	24	h	2.30769	uM	1	1	2	1
BRD-K79254416	decitabine	PC3	24	h	3.33	uM	1	0	2	1
BRD-K79254416	decitabine	PC3	24	h	3.33333	uM	1	1	2	1
BRD-K79254416	decitabine	PC3	24	h	3.33333	uM	1	1	3	1
BRD-K79254416	decitabine	PC3	6	h	10	uM	1	0	3	1
BRD-K79254416	decitabine	PC3	6	h	10	uM	1	0	5	1
BRD-K79254416	decitabine	VCAP	24	h	10	uM	0	0	4	1
BRD-K79254416	decitabine	VCAP	6	h	10	uM	0	0	5	1
BRD-K81418486	vorinostat	22RV1	24	h	0.100106	uM	1	0	1	1
BRD-K81418486	vorinostat	22RV1	24	h	1.00106	uM	1	0	1	1
BRD-K81418486	vorinostat	22RV1	24	h	10	uM	1	0	1	1
BRD-K81418486	vorinostat	22RV1	24	h	10.0106	uM	1	0	1	1
BRD-K81418486	vorinostat	DU145	24	h	10	uM	1	0	1	3
BRD-K81418486	vorinostat	LNCAP	24	h	0.100106	uM	1	0	1	1
BRD-K81418486	vorinostat	LNCAP	24	h	1.00106	uM	1	0	1	1
BRD-K81418486	vorinostat	LNCAP	24	h	10	uM	1	0	1	3
BRD-K81418486	vorinostat	LNCAP	24	h	10.0106	uM	1	0	1	1
BRD-K81418486	vorinostat	PC3	24	h	0.0012207	uM	0	0	2	1
BRD-K81418486	vorinostat	PC3	24	h	0.0015	uM	0	0	1	1
BRD-K81418486	vorinostat	PC3	24	h	0.00244141	uM	1	0	2	1
BRD-K81418486	vorinostat	PC3	24	h	0.0046	uM	0	0	1	1
BRD-K81418486	vorinostat	PC3	24	h	0.00488281	uM	1	1	2	1
BRD-K81418486	vorinostat	PC3	24	h	0.00976562	uM	1	0	2	1
BRD-K81418486	vorinostat	PC3	24	h	0.0137	uM	0	0	1	1
BRD-K81418486	vorinostat	PC3	24	h	0.0195312	uM	0	0	2	1
BRD-K81418486	vorinostat	PC3	24	h	0.0390625	uM	1	1	2	1
BRD-K81418486	vorinostat	PC3	24	h	0.04	uM	0	0	2	1
BRD-K81418486	vorinostat	PC3	24	h	0.04	uM	1	1	2	1
BRD-K81418486	vorinostat	PC3	24	h	0.04	uM	1	1	3	1
BRD-K81418486	vorinostat	PC3	24	h	0.0411523	uM	1	0	3	1
BRD-K81418486	vorinostat	PC3	24	h	0.0411523	uM	1	1	3	1
BRD-K81418486	vorinostat	PC3	24	h	0.0412	uM	1	0	1	1
BRD-K81418486	vorinostat	PC3	24	h	0.078125	uM	1	0	3	1
BRD-K81418486	vorinostat	PC3	24	h	0.08	uM	0	0	3	1
BRD-K81418486	vorinostat	PC3	24	h	0.08	uM	1	0	12	1
BRD-K81418486	vorinostat	PC3	24	h	0.08	uM	1	0	2	1
BRD-K81418486	vorinostat	PC3	24	h	0.08	uM	1	0	3	1
BRD-K81418486	vorinostat	PC3	24	h	0.1	uM	0	0	2	10
BRD-K81418486	vorinostat	PC3	24	h	0.1	uM	0	0	3	2
BRD-K81418486	vorinostat	PC3	24	h	0.1	uM	0	0	9	1
BRD-K81418486	vorinostat	PC3	24	h	0.1	uM	1	0	3	2
BRD-K81418486	vorinostat	PC3	24	h	0.100106	uM	1	1	3	1
BRD-K81418486	vorinostat	PC3	24	h	0.12	uM	1	0	2	1
BRD-K81418486	vorinostat	PC3	24	h	0.12	uM	1	1	2	1
BRD-K81418486	vorinostat	PC3	24	h	0.12	uM	1	1	3	1
BRD-K81418486	vorinostat	PC3	24	h	0.123457	uM	1	0	3	1
BRD-K81418486	vorinostat	PC3	24	h	0.123457	uM	1	1	3	1
BRD-K81418486	vorinostat	PC3	24	h	0.1235	uM	0	0	1	1
BRD-K81418486	vorinostat	PC3	24	h	0.15625	uM	1	0	3	1
BRD-K81418486	vorinostat	PC3	24	h	0.2	uM	0	0	9	1
BRD-K81418486	vorinostat	PC3	24	h	0.3125	uM	1	0	1	1
BRD-K81418486	vorinostat	PC3	24	h	0.37	uM	1	0	2	1
BRD-K81418486	vorinostat	PC3	24	h	0.37	uM	1	1	2	1
BRD-K81418486	vorinostat	PC3	24	h	0.37	uM	1	1	3	1
BRD-K81418486	vorinostat	PC3	24	h	0.37037	uM	1	0	3	3
BRD-K81418486	vorinostat	PC3	24	h	0.37037	uM	1	1	3	1
BRD-K81418486	vorinostat	PC3	24	h	0.3704	uM	0	0	1	1
BRD-K81418486	vorinostat	PC3	24	h	0.4	uM	0	0	3	1
BRD-K81418486	vorinostat	PC3	24	h	0.4	uM	1	0	12	1
BRD-K81418486	vorinostat	PC3	24	h	0.4	uM	1	1	2	1
BRD-K81418486	vorinostat	PC3	24	h	0.4	uM	1	1	3	1
BRD-K81418486	vorinostat	PC3	24	h	0.5	uM	0	0	1	1
BRD-K81418486	vorinostat	PC3	24	h	0.5	uM	0	0	2	7
BRD-K81418486	vorinostat	PC3	24	h	0.5	uM	0	0	3	5
BRD-K81418486	vorinostat	PC3	24	h	0.625	uM	1	0	1	1
BRD-K81418486	vorinostat	PC3	24	h	0.625	uM	1	1	3	1
BRD-K81418486	vorinostat	PC3	24	h	1	uM	0	0	9	1
BRD-K81418486	vorinostat	PC3	24	h	1.00106	uM	1	1	3	1
BRD-K81418486	vorinostat	PC3	24	h	1.11	uM	1	0	2	1
BRD-K81418486	vorinostat	PC3	24	h	1.11	uM	1	1	2	1
BRD-K81418486	vorinostat	PC3	24	h	1.11	uM	1	1	3	1
BRD-K81418486	vorinostat	PC3	24	h	1.1111	uM	0	0	1	1
BRD-K81418486	vorinostat	PC3	24	h	1.11111	uM	1	0	3	1
BRD-K81418486	vorinostat	PC3	24	h	1.11111	uM	1	1	3	3
BRD-K81418486	vorinostat	PC3	24	h	1.25	uM	1	0	1	1
BRD-K81418486	vorinostat	PC3	24	h	10	uM	0	0	1	3
BRD-K81418486	vorinostat	PC3	24	h	10	uM	0	0	2	11
BRD-K81418486	vorinostat	PC3	24	h	10	uM	0	0	3	5
BRD-K81418486	vorinostat	PC3	24	h	10	uM	0	0	4	7
BRD-K81418486	vorinostat	PC3	24	h	10	uM	0	0	5	2
BRD-K81418486	vorinostat	PC3	24	h	10	uM	0	0	9	1
BRD-K81418486	vorinostat	PC3	24	h	10	uM	1	0	1	6
BRD-K81418486	vorinostat	PC3	24	h	10	uM	1	0	3	1
BRD-K81418486	vorinostat	PC3	24	h	10	uM	1	1	12	1
BRD-K81418486	vorinostat	PC3	24	h	10	uM	1	1	2	7
BRD-K81418486	vorinostat	PC3	24	h	10	uM	1	1	3	25
BRD-K81418486	vorinostat	PC3	24	h	10	uM	1	1	4	1
BRD-K81418486	vorinostat	PC3	24	h	10	uM	1	1	5	8
BRD-K81418486	vorinostat	PC3	24	h	10.0106	uM	1	1	3	1
BRD-K81418486	vorinostat	PC3	24	h	11.1	uM	1	1	5	1
BRD-K81418486	vorinostat	PC3	24	h	2	uM	0	0	3	1
BRD-K81418486	vorinostat	PC3	24	h	2	uM	1	1	12	1
BRD-K81418486	vorinostat	PC3	24	h	2	uM	1	1	2	1
BRD-K81418486	vorinostat	PC3	24	h	2	uM	1	1	3	1
BRD-K81418486	vorinostat	PC3	24	h	2.5	uM	1	0	1	1
BRD-K81418486	vorinostat	PC3	24	h	2.5	uM	1	1	3	1
BRD-K81418486	vorinostat	PC3	24	h	20	uM	1	1	3	5
BRD-K81418486	vorinostat	PC3	24	h	3.33	uM	1	1	2	2
BRD-K81418486	vorinostat	PC3	24	h	3.33	uM	1	1	3	1
BRD-K81418486	vorinostat	PC3	24	h	3.3333	uM	0	0	1	1
BRD-K81418486	vorinostat	PC3	24	h	3.33333	uM	1	0	3	1
BRD-K81418486	vorinostat	PC3	24	h	3.33333	uM	1	1	3	3
BRD-K81418486	vorinostat	PC3	24	h	5	uM	0	0	9	1
BRD-K81418486	vorinostat	PC3	24	h	5	uM	1	0	1	1
BRD-K81418486	vorinostat	PC3	24	h	5	uM	1	1	3	6
BRD-K81418486	vorinostat	PC3	3	h	0.625	uM	1	1	3	1
BRD-K81418486	vorinostat	PC3	3	h	10	uM	1	1	3	1
BRD-K81418486	vorinostat	PC3	3	h	2.5	uM	1	1	3	1
BRD-K81418486	vorinostat	PC3	6	h	0.0012207	uM	1	0	6	1
BRD-K81418486	vorinostat	PC3	6	h	0.0015	uM	0	0	2	1
BRD-K81418486	vorinostat	PC3	6	h	0.00244141	uM	1	0	6	1
BRD-K81418486	vorinostat	PC3	6	h	0.0046	uM	0	0	2	1
BRD-K81418486	vorinostat	PC3	6	h	0.00488281	uM	1	0	6	1
BRD-K81418486	vorinostat	PC3	6	h	0.00976562	uM	1	0	6	1
BRD-K81418486	vorinostat	PC3	6	h	0.0137	uM	1	0	1	1
BRD-K81418486	vorinostat	PC3	6	h	0.0195312	uM	1	0	6	1
BRD-K81418486	vorinostat	PC3	6	h	0.0390625	uM	1	0	6	1
BRD-K81418486	vorinostat	PC3	6	h	0.0412	uM	0	0	2	1
BRD-K81418486	vorinostat	PC3	6	h	0.078125	uM	1	0	9	1
BRD-K81418486	vorinostat	PC3	6	h	0.08	uM	1	0	2	2
BRD-K81418486	vorinostat	PC3	6	h	0.08	uM	1	0	3	1
BRD-K81418486	vorinostat	PC3	6	h	0.08	uM	1	1	2	3
BRD-K81418486	vorinostat	PC3	6	h	0.08	uM	1	1	3	1
BRD-K81418486	vorinostat	PC3	6	h	0.1	uM	0	0	9	1
BRD-K81418486	vorinostat	PC3	6	h	0.1235	uM	0	0	2	1
BRD-K81418486	vorinostat	PC3	6	h	0.15625	uM	1	0	9	1
BRD-K81418486	vorinostat	PC3	6	h	0.2	uM	0	0	9	1
BRD-K81418486	vorinostat	PC3	6	h	0.3125	uM	1	0	3	1
BRD-K81418486	vorinostat	PC3	6	h	0.3704	uM	0	0	2	1
BRD-K81418486	vorinostat	PC3	6	h	0.4	uM	1	1	2	5
BRD-K81418486	vorinostat	PC3	6	h	0.4	uM	1	1	3	2
BRD-K81418486	vorinostat	PC3	6	h	0.625	uM	1	1	3	1
BRD-K81418486	vorinostat	PC3	6	h	1	uM	0	0	3	1
BRD-K81418486	vorinostat	PC3	6	h	1	uM	0	0	9	1
BRD-K81418486	vorinostat	PC3	6	h	1	uM	1	1	3	2
BRD-K81418486	vorinostat	PC3	6	h	1.1111	uM	0	0	2	1
BRD-K81418486	vorinostat	PC3	6	h	1.25	uM	1	1	3	1
BRD-K81418486	vorinostat	PC3	6	h	10	uM	0	0	2	2
BRD-K81418486	vorinostat	PC3	6	h	10	uM	0	0	5	1
BRD-K81418486	vorinostat	PC3	6	h	10	uM	1	0	1	4
BRD-K81418486	vorinostat	PC3	6	h	10	uM	1	1	2	5
BRD-K81418486	vorinostat	PC3	6	h	10	uM	1	1	3	8
BRD-K81418486	vorinostat	PC3	6	h	10	uM	1	1	4	5
BRD-K81418486	vorinostat	PC3	6	h	10	uM	1	1	5	9
BRD-K81418486	vorinostat	PC3	6	h	10	uM	1	1	9	1
BRD-K81418486	vorinostat	PC3	6	h	11.1	uM	1	1	4	1
BRD-K81418486	vorinostat	PC3	6	h	2	uM	1	1	2	5
BRD-K81418486	vorinostat	PC3	6	h	2	uM	1	1	3	2
BRD-K81418486	vorinostat	PC3	6	h	2.5	uM	1	1	3	1
BRD-K81418486	vorinostat	PC3	6	h	3.3333	uM	0	0	2	1
BRD-K81418486	vorinostat	PC3	6	h	5	uM	0	0	9	1
BRD-K81418486	vorinostat	PC3	6	h	5	uM	1	1	3	1
BRD-K81418486	vorinostat	VCAP	24	h	0.04	uM	1	1	2	1
BRD-K81418486	vorinostat	VCAP	24	h	0.08	uM	0	0	6	1
BRD-K81418486	vorinostat	VCAP	24	h	0.08	uM	1	0	3	3
BRD-K81418486	vorinostat	VCAP	24	h	0.08	uM	1	1	2	1
BRD-K81418486	vorinostat	VCAP	24	h	0.12	uM	1	1	2	1
BRD-K81418486	vorinostat	VCAP	24	h	0.37	uM	1	1	2	1
BRD-K81418486	vorinostat	VCAP	24	h	0.4	uM	0	0	6	1
BRD-K81418486	vorinostat	VCAP	24	h	0.4	uM	1	0	3	1
BRD-K81418486	vorinostat	VCAP	24	h	0.4	uM	1	1	2	1
BRD-K81418486	vorinostat	VCAP	24	h	0.4	uM	1	1	3	2
BRD-K81418486	vorinostat	VCAP	24	h	1	uM	0	0	4	1
BRD-K81418486	vorinostat	VCAP	24	h	1.11	uM	1	1	2	1
BRD-K81418486	vorinostat	VCAP	24	h	10	uM	0	0	1	3
BRD-K81418486	vorinostat	VCAP	24	h	10	uM	0	0	2	6
BRD-K81418486	vorinostat	VCAP	24	h	10	uM	0	0	3	6
BRD-K81418486	vorinostat	VCAP	24	h	10	uM	0	0	4	4
BRD-K81418486	vorinostat	VCAP	24	h	10	uM	0	0	5	2
BRD-K81418486	vorinostat	VCAP	24	h	10	uM	0	0	6	1
BRD-K81418486	vorinostat	VCAP	24	h	10	uM	1	0	1	11
BRD-K81418486	vorinostat	VCAP	24	h	10	uM	1	0	2	1
BRD-K81418486	vorinostat	VCAP	24	h	10	uM	1	0	23	1
BRD-K81418486	vorinostat	VCAP	24	h	10	uM	1	1	2	14
BRD-K81418486	vorinostat	VCAP	24	h	10	uM	1	1	3	9
BRD-K81418486	vorinostat	VCAP	24	h	10	uM	1	1	4	1
BRD-K81418486	vorinostat	VCAP	24	h	10	uM	1	1	6	1
BRD-K81418486	vorinostat	VCAP	24	h	11.1	uM	0	0	5	1
BRD-K81418486	vorinostat	VCAP	24	h	2	uM	0	0	6	1
BRD-K81418486	vorinostat	VCAP	24	h	2	uM	1	1	2	1
BRD-K81418486	vorinostat	VCAP	24	h	2	uM	1	1	3	3
BRD-K81418486	vorinostat	VCAP	24	h	20	uM	0	0	4	1
BRD-K81418486	vorinostat	VCAP	24	h	3.33	uM	1	0	1	1
BRD-K81418486	vorinostat	VCAP	24	h	30	uM	1	1	2	1
BRD-K81418486	vorinostat	VCAP	24	h	30	uM	1	1	4	1
BRD-K81418486	vorinostat	VCAP	24	h	5	uM	0	0	4	1
BRD-K81418486	vorinostat	VCAP	48	h	1	uM	0	0	4	1
BRD-K81418486	vorinostat	VCAP	48	h	5	uM	0	0	4	1
BRD-K81418486	vorinostat	VCAP	6	h	0.08	uM	1	0	2	1
BRD-K81418486	vorinostat	VCAP	6	h	0.08	uM	1	0	3	1
BRD-K81418486	vorinostat	VCAP	6	h	0.08	uM	1	1	2	1
BRD-K81418486	vorinostat	VCAP	6	h	0.08	uM	1	1	3	2
BRD-K81418486	vorinostat	VCAP	6	h	0.4	uM	0	0	2	1
BRD-K81418486	vorinostat	VCAP	6	h	0.4	uM	1	1	2	1
BRD-K81418486	vorinostat	VCAP	6	h	0.4	uM	1	1	3	3
BRD-K81418486	vorinostat	VCAP	6	h	1	uM	0	0	4	1
BRD-K81418486	vorinostat	VCAP	6	h	10	uM	0	0	2	3
BRD-K81418486	vorinostat	VCAP	6	h	10	uM	0	0	3	8
BRD-K81418486	vorinostat	VCAP	6	h	10	uM	0	0	4	4
BRD-K81418486	vorinostat	VCAP	6	h	10	uM	0	0	5	3
BRD-K81418486	vorinostat	VCAP	6	h	10	uM	1	0	2	1
BRD-K81418486	vorinostat	VCAP	6	h	10	uM	1	1	2	6
BRD-K81418486	vorinostat	VCAP	6	h	10	uM	1	1	3	15
BRD-K81418486	vorinostat	VCAP	6	h	10	uM	1	1	4	5
BRD-K81418486	vorinostat	VCAP	6	h	10	uM	1	1	5	6
BRD-K81418486	vorinostat	VCAP	6	h	11.1	uM	1	1	4	1
BRD-K81418486	vorinostat	VCAP	6	h	2	uM	1	1	2	2
BRD-K81418486	vorinostat	VCAP	6	h	2	uM	1	1	3	3
BRD-K81418486	vorinostat	VCAP	6	h	20	uM	0	0	4	1
BRD-K81418486	vorinostat	VCAP	6	h	30	uM	1	1	2	1
BRD-K81418486	vorinostat	VCAP	6	h	30	uM	1	1	4	1
BRD-K81418486	vorinostat	VCAP	6	h	5	uM	0	0	4	1
BRD-K82928847	ACY-1215	PC3	24	h	0.00949668	uM	1	0	2	1
BRD-K82928847	ACY-1215	PC3	24	h	0.02849	uM	1	0	2	1
BRD-K82928847	ACY-1215	PC3	24	h	0.04	uM	1	0	2	1
BRD-K82928847	ACY-1215	PC3	24	h	0.0411523	uM	1	0	3	1
BRD-K82928847	ACY-1215	PC3	24	h	0.0854701	uM	1	1	2	1
BRD-K82928847	ACY-1215	PC3	24	h	0.12	uM	1	0	2	1
BRD-K82928847	ACY-1215	PC3	24	h	0.123457	uM	1	0	3	1
BRD-K82928847	ACY-1215	PC3	24	h	0.25641	uM	1	0	2	1
BRD-K82928847	ACY-1215	PC3	24	h	0.37	uM	1	0	2	1
BRD-K82928847	ACY-1215	PC3	24	h	0.37037	uM	1	1	3	1
BRD-K82928847	ACY-1215	PC3	24	h	0.769231	uM	1	1	2	1
BRD-K82928847	ACY-1215	PC3	24	h	1.11	uM	1	0	2	1
BRD-K82928847	ACY-1215	PC3	24	h	1.11111	uM	1	1	2	1
BRD-K82928847	ACY-1215	PC3	24	h	10	uM	1	1	2	1
BRD-K82928847	ACY-1215	PC3	24	h	10	uM	1	1	3	1
BRD-K82928847	ACY-1215	PC3	24	h	2.30769	uM	1	1	2	1
BRD-K82928847	ACY-1215	PC3	24	h	3.33	uM	1	0	2	1
BRD-K82928847	ACY-1215	PC3	24	h	3.33333	uM	1	1	3	1
BRD-K83837640	JNJ-26481585	PC3	24	h	0.00949668	uM	1	1	2	1
BRD-K83837640	JNJ-26481585	PC3	24	h	0.02849	uM	1	0	1	1
BRD-K83837640	JNJ-26481585	PC3	24	h	0.0411523	uM	1	1	2	1
BRD-K83837640	JNJ-26481585	PC3	24	h	0.0854701	uM	0	0	2	1
BRD-K83837640	JNJ-26481585	PC3	24	h	0.123457	uM	1	1	3	1
BRD-K83837640	JNJ-26481585	PC3	24	h	0.25641	uM	1	1	2	1
BRD-K83837640	JNJ-26481585	PC3	24	h	0.37037	uM	1	1	3	1
BRD-K83837640	JNJ-26481585	PC3	24	h	0.769231	uM	1	1	2	1
BRD-K83837640	JNJ-26481585	PC3	24	h	1.11111	uM	1	1	3	1
BRD-K83837640	JNJ-26481585	PC3	24	h	10	uM	1	0	5	1
BRD-K83837640	JNJ-26481585	PC3	24	h	10	uM	1	1	3	1
BRD-K83837640	JNJ-26481585	PC3	24	h	2.30769	uM	1	1	2	1
BRD-K83837640	JNJ-26481585	PC3	24	h	3.33333	uM	1	1	3	1
BRD-K83837640	JNJ-26481585	PC3	6	h	10	uM	1	1	3	1
BRD-K83837640	JNJ-26481585	VCAP	24	h	10	uM	0	0	5	1
BRD-K83837640	JNJ-26481585	VCAP	6	h	10	uM	0	0	5	1
BRD-K86797399	SB-939	PC3	24	h	0.00949668	uM	1	1	2	1
BRD-K86797399	SB-939	PC3	24	h	0.02849	uM	1	0	2	1
BRD-K86797399	SB-939	PC3	24	h	0.04	uM	1	1	2	1
BRD-K86797399	SB-939	PC3	24	h	0.0411523	uM	1	1	3	1
BRD-K86797399	SB-939	PC3	24	h	0.0854701	uM	1	1	2	1
BRD-K86797399	SB-939	PC3	24	h	0.12	uM	1	0	2	1
BRD-K86797399	SB-939	PC3	24	h	0.123457	uM	1	1	3	1
BRD-K86797399	SB-939	PC3	24	h	0.25641	uM	1	1	2	1
BRD-K86797399	SB-939	PC3	24	h	0.37	uM	0	0	2	1
BRD-K86797399	SB-939	PC3	24	h	0.37037	uM	1	1	3	1
BRD-K86797399	SB-939	PC3	24	h	0.769231	uM	1	1	2	1
BRD-K86797399	SB-939	PC3	24	h	1.11	uM	1	1	2	1
BRD-K86797399	SB-939	PC3	24	h	1.11111	uM	1	1	3	1
BRD-K86797399	SB-939	PC3	24	h	10	uM	1	1	2	1
BRD-K86797399	SB-939	PC3	24	h	10	uM	1	1	3	1
BRD-K86797399	SB-939	PC3	24	h	2.30769	uM	1	1	2	1
BRD-K86797399	SB-939	PC3	24	h	3.33	uM	1	1	2	1
BRD-K86797399	SB-939	PC3	24	h	3.33333	uM	1	1	3	1
BRD-K88742110	PCI-34051	PC3	24	h	0.04	uM	1	0	3	1
BRD-K88742110	PCI-34051	PC3	24	h	0.078125	uM	0	0	2	1
BRD-K88742110	PCI-34051	PC3	24	h	0.12	uM	1	0	3	1
BRD-K88742110	PCI-34051	PC3	24	h	0.15625	uM	1	0	12	1
BRD-K88742110	PCI-34051	PC3	24	h	0.15625	uM	1	0	2	1
BRD-K88742110	PCI-34051	PC3	24	h	0.3125	uM	1	0	2	1
BRD-K88742110	PCI-34051	PC3	24	h	0.37	uM	1	0	3	1
BRD-K88742110	PCI-34051	PC3	24	h	0.625	uM	1	0	12	1
BRD-K88742110	PCI-34051	PC3	24	h	0.625	uM	1	1	2	1
BRD-K88742110	PCI-34051	PC3	24	h	1.11	uM	1	0	3	1
BRD-K88742110	PCI-34051	PC3	24	h	1.25	uM	0	0	2	1
BRD-K88742110	PCI-34051	PC3	24	h	10	uM	0	0	5	1
BRD-K88742110	PCI-34051	PC3	24	h	10	uM	1	0	2	1
BRD-K88742110	PCI-34051	PC3	24	h	10	uM	1	0	3	1
BRD-K88742110	PCI-34051	PC3	24	h	10	uM	1	1	12	1
BRD-K88742110	PCI-34051	PC3	24	h	2.5	uM	1	0	12	1
BRD-K88742110	PCI-34051	PC3	24	h	2.5	uM	1	0	2	1
BRD-K88742110	PCI-34051	PC3	24	h	3.33	uM	1	0	3	1
BRD-K88742110	PCI-34051	PC3	24	h	5	uM	1	0	2	1
BRD-K88742110	PCI-34051	PC3	6	h	0.078125	uM	1	0	6	1
BRD-K88742110	PCI-34051	PC3	6	h	0.15625	uM	1	0	12	1
BRD-K88742110	PCI-34051	PC3	6	h	0.15625	uM	1	0	6	1
BRD-K88742110	PCI-34051	PC3	6	h	0.3125	uM	1	0	6	1
BRD-K88742110	PCI-34051	PC3	6	h	0.625	uM	1	0	12	1
BRD-K88742110	PCI-34051	PC3	6	h	0.625	uM	1	0	6	1
BRD-K88742110	PCI-34051	PC3	6	h	1.25	uM	1	0	6	1
BRD-K88742110	PCI-34051	PC3	6	h	10	uM	1	0	5	1
BRD-K88742110	PCI-34051	PC3	6	h	10	uM	1	0	6	1
BRD-K88742110	PCI-34051	PC3	6	h	10	uM	1	1	12	1
BRD-K88742110	PCI-34051	PC3	6	h	2.5	uM	1	0	12	1
BRD-K88742110	PCI-34051	PC3	6	h	2.5	uM	1	0	6	1
BRD-K88742110	PCI-34051	PC3	6	h	5	uM	1	0	6	1
BRD-K88742110	PCI-34051	VCAP	24	h	10	uM	1	0	5	1
BRD-K88742110	PCI-34051	VCAP	6	h	10	uM	1	0	5	1
BRD-K89391146	RG-108	22RV1	24	h	1.11111	uM	1	0	1	1
BRD-K89391146	RG-108	22RV1	24	h	10	uM	1	0	1	1
BRD-K89391146	RG-108	22RV1	24	h	3.33333	uM	1	0	1	1
BRD-K89391146	RG-108	PC3	24	h	0.04	uM	0	0	2	1
BRD-K89391146	RG-108	PC3	24	h	0.12	uM	1	0	2	1
BRD-K89391146	RG-108	PC3	24	h	0.37	uM	1	0	2	1
BRD-K89391146	RG-108	PC3	24	h	1.11	uM	1	0	2	1
BRD-K89391146	RG-108	PC3	24	h	10	uM	1	0	2	1
BRD-K89391146	RG-108	PC3	24	h	3.33	uM	1	0	2	1
BRD-K89391146	RG-108	PC3	24	h	80	uM	1	0	5	1
BRD-K89391146	RG-108	PC3	6	h	80	uM	1	1	4	1
BRD-K89391146	RG-108	VCAP	24	h	80	uM	1	0	5	1
BRD-K89391146	RG-108	VCAP	6	h	80	uM	1	0	4	1
BRD-K94335714	MC1568	PC3	24	h	0.04	uM	0	0	2	1
BRD-K94335714	MC1568	PC3	24	h	0.12	uM	0	0	2	1
BRD-K94335714	MC1568	PC3	24	h	0.37	uM	1	0	2	1
BRD-K94335714	MC1568	PC3	24	h	1.11	uM	0	0	2	1
BRD-K94335714	MC1568	PC3	24	h	10	uM	0	0	2	1
BRD-K94335714	MC1568	PC3	24	h	3.33	uM	1	0	2	1
BRD-K98426715	tubacin	PC3	24	h	10	uM	1	1	5	1
BRD-K98426715	tubacin	PC3	6	h	10	uM	1	0	5	1
BRD-K98426715	tubacin	VCAP	24	h	10	uM	1	1	5	1
BRD-K98426715	tubacin	VCAP	6	h	10	uM	1	0	5	1
